<?xml version="1.0" encoding="UTF-8"?>
<site>
   <description url="http://subclipse.tigris.org/update_1.2.x">
      Eclipse Install/Update site for Subclipse
   </description>
   <feature url="features/org.tigris.subversion.subclipse_1.2.4.jar" id="org.tigris.subversion.subclipse" version="1.2.4">
      <category name="Subclipse"/>
   </feature>
   <feature url="features/org.tigris.subversion.subclipse.mylyn_2.0.0.jar" id="org.tigris.subversion.subclipse.mylyn" version="2.0.0">
      <category name="Integrations (Optional)"/>
   </feature>
   <category-def name="Subclipse" label="Subclipse Plugin">
      <description>
         The subclipse Subversion plugin
      </description>
   </category-def>
   <category-def name="Integrations (Optional)" label="Integrations (Optional)">
      <description>
         Optional Integrations between Subclipse and other plugins.
      </description>
   </category-def>
</site>
