<?xml version='1.0' encoding='UTF-8'?>
<?artifactRepository class='org.eclipse.equinox.internal.p2.artifact.repository.simple.SimpleArtifactRepository' version='1.0.0'?>
<repository name='Subclipse Artifacts' type='org.eclipse.equinox.p2.artifact.repository.simpleRepository' version='1'>
  <properties size='3'>
    <property name='publishPackFilesAsSiblings' value='true'/>
    <property name='p2.compressed' value='false'/>
    <property name='p2.timestamp' value='1243519605850'/>
  </properties>
  <mappings size='4'>
    <rule filter='(&amp; (classifier=osgi.bundle) (format=packed))' output='${repoUrl}/plugins/${id}_${version}.jar.pack.gz'/>
    <rule filter='(&amp; (classifier=osgi.bundle))' output='${repoUrl}/plugins/${id}_${version}.jar'/>
    <rule filter='(&amp; (classifier=binary))' output='${repoUrl}/binary/${id}_${version}'/>
    <rule filter='(&amp; (classifier=org.eclipse.update.feature))' output='${repoUrl}/features/${id}_${version}.jar'/>
  </mappings>
  <artifacts size='19'>
    <artifact classifier='osgi.bundle' id='org.tigris.subversion.subclipse.graph' version='1.0.7'>
      <properties size='3'>
        <property name='artifact.size' value='123554'/>
        <property name='download.size' value='123554'/>
        <property name='download.contentType' value='application/zip'/>
      </properties>
    </artifact>
    <artifact classifier='org.eclipse.update.feature' id='org.tigris.subversion.clientadapter.javahl.feature' version='1.5.6.1'>
      <properties size='2'>
        <property name='artifact.size' value='2867'/>
        <property name='download.size' value='2867'/>
      </properties>
    </artifact>
    <artifact classifier='org.eclipse.update.feature' id='org.tigris.subversion.clientadapter.feature' version='1.5.3'>
      <properties size='2'>
        <property name='artifact.size' value='2769'/>
        <property name='download.size' value='2769'/>
      </properties>
    </artifact>
    <artifact classifier='org.eclipse.update.feature' id='org.tigris.subversion.subclipse.mylyn' version='3.0.0'>
      <properties size='2'>
        <property name='artifact.size' value='3806'/>
        <property name='download.size' value='3806'/>
      </properties>
    </artifact>
    <artifact classifier='osgi.bundle' id='org.tigris.subversion.clientadapter.javahl.win32' version='1.5.6'>
      <properties size='3'>
        <property name='artifact.size' value='2378237'/>
        <property name='download.size' value='2378237'/>
        <property name='download.contentType' value='application/zip'/>
      </properties>
    </artifact>
    <artifact classifier='osgi.bundle' id='org.tigris.subversion.subclipse.core' version='1.4.8'>
      <properties size='3'>
        <property name='artifact.size' value='285262'/>
        <property name='download.size' value='285262'/>
        <property name='download.contentType' value='application/zip'/>
      </properties>
    </artifact>
    <artifact classifier='org.eclipse.update.feature' id='org.tmatesoft.svnkit' version='1.2.3.5521'>
      <properties size='2'>
        <property name='artifact.size' value='1976'/>
        <property name='download.size' value='1976'/>
      </properties>
    </artifact>
    <artifact classifier='osgi.bundle' id='com.sun.jna' version='3.0.9'>
      <properties size='3'>
        <property name='artifact.size' value='784476'/>
        <property name='download.size' value='784476'/>
        <property name='download.contentType' value='application/zip'/>
      </properties>
    </artifact>
    <artifact classifier='osgi.bundle' id='org.tigris.subversion.clientadapter.javahl' version='1.5.6.1'>
      <properties size='3'>
        <property name='artifact.size' value='154096'/>
        <property name='download.size' value='154096'/>
        <property name='download.contentType' value='application/zip'/>
      </properties>
    </artifact>
    <artifact classifier='osgi.bundle' id='org.tigris.subversion.subclipse.doc' version='1.3.0'>
      <properties size='3'>
        <property name='artifact.size' value='2342937'/>
        <property name='download.size' value='2342937'/>
        <property name='download.contentType' value='application/zip'/>
      </properties>
    </artifact>
    <artifact classifier='org.eclipse.update.feature' id='com.sun.jna' version='3.0.9'>
      <properties size='2'>
        <property name='artifact.size' value='1135'/>
        <property name='download.size' value='1135'/>
      </properties>
    </artifact>
    <artifact classifier='osgi.bundle' id='org.tigris.subversion.subclipse.ui' version='1.4.8'>
      <properties size='3'>
        <property name='artifact.size' value='1743009'/>
        <property name='download.size' value='1743009'/>
        <property name='download.contentType' value='application/zip'/>
      </properties>
    </artifact>
    <artifact classifier='osgi.bundle' id='org.tigris.subversion.subclipse.mylyn' version='3.0.0'>
      <properties size='3'>
        <property name='artifact.size' value='17722'/>
        <property name='download.size' value='17722'/>
        <property name='download.contentType' value='application/zip'/>
      </properties>
    </artifact>
    <artifact classifier='osgi.bundle' id='org.tigris.subversion.clientadapter.svnkit' version='1.5.6.1'>
      <properties size='3'>
        <property name='artifact.size' value='76983'/>
        <property name='download.size' value='76983'/>
        <property name='download.contentType' value='application/zip'/>
      </properties>
    </artifact>
    <artifact classifier='org.eclipse.update.feature' id='org.tigris.subversion.clientadapter.svnkit.feature' version='1.5.6.1'>
      <properties size='2'>
        <property name='artifact.size' value='2818'/>
        <property name='download.size' value='2818'/>
      </properties>
    </artifact>
    <artifact classifier='org.eclipse.update.feature' id='org.tigris.subversion.subclipse.graph.feature' version='1.0.7'>
      <properties size='2'>
        <property name='artifact.size' value='2903'/>
        <property name='download.size' value='2903'/>
      </properties>
    </artifact>
    <artifact classifier='osgi.bundle' id='org.tigris.subversion.clientadapter' version='1.5.3'>
      <properties size='3'>
        <property name='artifact.size' value='76860'/>
        <property name='download.size' value='76860'/>
        <property name='download.contentType' value='application/zip'/>
      </properties>
    </artifact>
    <artifact classifier='osgi.bundle' id='org.tmatesoft.svnkit' version='1.2.3.5521'>
      <properties size='3'>
        <property name='artifact.size' value='3203019'/>
        <property name='download.size' value='3203019'/>
        <property name='download.contentType' value='application/zip'/>
      </properties>
    </artifact>
    <artifact classifier='org.eclipse.update.feature' id='org.tigris.subversion.subclipse' version='1.4.8'>
      <properties size='2'>
        <property name='artifact.size' value='51062'/>
        <property name='download.size' value='51062'/>
      </properties>
    </artifact>
  </artifacts>
</repository>
